{"cameraMode":{"drawMode":0,"name":"Shaded","section":"Shading Mode"},"sceneLighting":false,"audioPlay":false,"sceneViewState":{"showFog":true,"showMaterialUpdate":false,"showSkybox":false,"showFlares":true,"showImageEffects":true,"showParticleSystems":true},"in2DMode":false,"pivot":{"x":-0.31647181510925295,"y":-1.1621198654174805,"z":7.957057476043701},"rotation":{"x":-0.012293032370507717,"y":0.0515705868601799,"z":-0.0006348630413413048,"w":-0.9985936880111694},"size":5.84399938583374,"orthographic":false}