{"cameraMode":{"drawMode":0,"name":"Shaded","section":"Shading Mode"},"sceneLighting":false,"audioPlay":false,"sceneViewState":{"showFog":true,"showMaterialUpdate":false,"showSkybox":true,"showFlares":true,"showImageEffects":true,"showParticleSystems":true},"in2DMode":false,"pivot":{"x":1.8336213827133179,"y":-2.6772091388702394,"z":-0.06568760424852371},"rotation":{"x":-0.10058631747961045,"y":-0.03223251551389694,"z":0.0032603919971734287,"w":-0.9944013953208923},"size":10.449999809265137,"orthographic":false}