{"GameObject":[{"position":{"posX":1.01077961921692,"posY":0.10008430480957,"posZ":0.600000381469727},"rotation":{"rotX":0,"rotY":0,"rotZ":0},"scale":{"scaleX":0.0650000050663948,"scaleY":0.0650000050663948,"scaleZ":0.0650000050663948},"name":"TalkAppUpdated(Clone)","view":0}]}